id,cas_no
__import__.nstda_sds_chemcasno_1,100-02-7
__import__.nstda_sds_chemcasno_2,100-10-7
__import__.nstda_sds_chemcasno_3,100-16-3
__import__.nstda_sds_chemcasno_4,100-39-0
__import__.nstda_sds_chemcasno_5,100-44-7
__import__.nstda_sds_chemcasno_6,100-46-9
__import__.nstda_sds_chemcasno_7,100-51-6
__import__.nstda_sds_chemcasno_8,100-63-0
__import__.nstda_sds_chemcasno_9,100-66-3
__import__.nstda_sds_chemcasno_10,100-83-4
__import__.nstda_sds_chemcasno_11,100-97-0
__import__.nstda_sds_chemcasno_12,100037-69-2
__import__.nstda_sds_chemcasno_13,10010-67-0
__import__.nstda_sds_chemcasno_14,10016-20-3
__import__.nstda_sds_chemcasno_15,1002-62-6
__import__.nstda_sds_chemcasno_16,10025-69-1
__import__.nstda_sds_chemcasno_17,10025-70-4
__import__.nstda_sds_chemcasno_18,10025-77-1
__import__.nstda_sds_chemcasno_19,10025-82-8
__import__.nstda_sds_chemcasno_20,10025-87-3
__import__.nstda_sds_chemcasno_21,10028-22-5
__import__.nstda_sds_chemcasno_22,10028-24-7
__import__.nstda_sds_chemcasno_23,10030-67-8
__import__.nstda_sds_chemcasno_24,10030-85-0
__import__.nstda_sds_chemcasno_25,10034-81-8
__import__.nstda_sds_chemcasno_26,10034-96-5
__import__.nstda_sds_chemcasno_27,10034-99-8
__import__.nstda_sds_chemcasno_28,10035-04-8
__import__.nstda_sds_chemcasno_29,10035-10-6
__import__.nstda_sds_chemcasno_30,10039-26-6
__import__.nstda_sds_chemcasno_31,10039-32-4
__import__.nstda_sds_chemcasno_32,10043-35-3
__import__.nstda_sds_chemcasno_33,10043-52-4
__import__.nstda_sds_chemcasno_34,10047-02-8
__import__.nstda_sds_chemcasno_35,10049-21-5
__import__.nstda_sds_chemcasno_36,10049-35-3
__import__.nstda_sds_chemcasno_37,101-41-7
__import__.nstda_sds_chemcasno_38,101-84-8
__import__.nstda_sds_chemcasno_39,101-97-3
__import__.nstda_sds_chemcasno_40,10101-41-4
__import__.nstda_sds_chemcasno_41,10101-68-5
__import__.nstda_sds_chemcasno_42,10101-89-0
__import__.nstda_sds_chemcasno_43,10101-97-0
__import__.nstda_sds_chemcasno_44,10102-17-7
__import__.nstda_sds_chemcasno_45,10102-18-8
__import__.nstda_sds_chemcasno_46,10102-25-7
__import__.nstda_sds_chemcasno_47,10102-40-6
__import__.nstda_sds_chemcasno_48,10102-68-8
__import__.nstda_sds_chemcasno_49,10114-58-6
__import__.nstda_sds_chemcasno_50,10121-91-2
__import__.nstda_sds_chemcasno_51,10124-37-5
__import__.nstda_sds_chemcasno_52,10125-13-0
__import__.nstda_sds_chemcasno_53,10127-02-3
__import__.nstda_sds_chemcasno_54,10139-47-6
__import__.nstda_sds_chemcasno_55,10191-41-0
__import__.nstda_sds_chemcasno_56,102-71-6
__import__.nstda_sds_chemcasno_57,102029-44-7
__import__.nstda_sds_chemcasno_58,102110-74-7
__import__.nstda_sds_chemcasno_59,10217-52-4
__import__.nstda_sds_chemcasno_60,102783-56-2
__import__.nstda_sds_chemcasno_61,103-16-2
__import__.nstda_sds_chemcasno_62,103-47-9
__import__.nstda_sds_chemcasno_63,103-72-0
__import__.nstda_sds_chemcasno_64,103226-10-4
__import__.nstda_sds_chemcasno_65,10323-20-3
__import__.nstda_sds_chemcasno_66,10344-94-2
__import__.nstda_sds_chemcasno_67,10357-27-4
__import__.nstda_sds_chemcasno_68,10361-29-2
__import__.nstda_sds_chemcasno_69,10361-37-2
__import__.nstda_sds_chemcasno_70,10377-48-7
__import__.nstda_sds_chemcasno_71,10378-23-1
__import__.nstda_sds_chemcasno_72,104-53-0
__import__.nstda_sds_chemcasno_73,104-54-1
__import__.nstda_sds_chemcasno_74,1040352-40-6
__import__.nstda_sds_chemcasno_75,10450-60-9
__import__.nstda_sds_chemcasno_76,104809-20-3
__import__.nstda_sds_chemcasno_77,105-34-0
__import__.nstda_sds_chemcasno_78,105-36-2
__import__.nstda_sds_chemcasno_79,105-37-3
__import__.nstda_sds_chemcasno_80,105-45-3
__import__.nstda_sds_chemcasno_81,105-53-3
__import__.nstda_sds_chemcasno_82,105-56-6
__import__.nstda_sds_chemcasno_83,106-40-1
__import__.nstda_sds_chemcasno_84,106-42-3
__import__.nstda_sds_chemcasno_85,106-47-8
__import__.nstda_sds_chemcasno_86,106-50-3
__import__.nstda_sds_chemcasno_87,106-89-8
__import__.nstda_sds_chemcasno_88,1066-33-7
__import__.nstda_sds_chemcasno_89,107-04-0
__import__.nstda_sds_chemcasno_90,107-13-1
__import__.nstda_sds_chemcasno_91,107-14-2
__import__.nstda_sds_chemcasno_92,107-21-1
__import__.nstda_sds_chemcasno_93,107-31-3
__import__.nstda_sds_chemcasno_94,107-41-5
__import__.nstda_sds_chemcasno_95,107-43-7
__import__.nstda_sds_chemcasno_96,107-92-6
__import__.nstda_sds_chemcasno_97,107091-89-4
__import__.nstda_sds_chemcasno_98,108-12-3
__import__.nstda_sds_chemcasno_99,108-18-9
__import__.nstda_sds_chemcasno_100,108-20-3
__import__.nstda_sds_chemcasno_101,108-24-7
__import__.nstda_sds_chemcasno_102,108-30-5
__import__.nstda_sds_chemcasno_103,108-31-6
__import__.nstda_sds_chemcasno_104,108-43-0
__import__.nstda_sds_chemcasno_105,108-46-3
__import__.nstda_sds_chemcasno_106,108-55-4
__import__.nstda_sds_chemcasno_107,108-59-8
__import__.nstda_sds_chemcasno_108,108-68-9
__import__.nstda_sds_chemcasno_109,108-73-6
__import__.nstda_sds_chemcasno_110,108-88-3
__import__.nstda_sds_chemcasno_111,108-95-2
__import__.nstda_sds_chemcasno_112,108321-42-2
__import__.nstda_sds_chemcasno_113,109-60-4
__import__.nstda_sds_chemcasno_114,109-63-7
__import__.nstda_sds_chemcasno_115,109-66-0
__import__.nstda_sds_chemcasno_116,109-69-3
__import__.nstda_sds_chemcasno_117,109-72-8
__import__.nstda_sds_chemcasno_118,109-77-3
__import__.nstda_sds_chemcasno_119,109-89-7
__import__.nstda_sds_chemcasno_120,109-94-4
__import__.nstda_sds_chemcasno_121,109-99-9
__import__.nstda_sds_chemcasno_122,1098-60-8
__import__.nstda_sds_chemcasno_123,110-02-1
__import__.nstda_sds_chemcasno_124,110-15-6
__import__.nstda_sds_chemcasno_125,110-16-7
__import__.nstda_sds_chemcasno_126,110-18-9
__import__.nstda_sds_chemcasno_127,110-26-9
__import__.nstda_sds_chemcasno_128,110-52-1
__import__.nstda_sds_chemcasno_129,110-53-2
__import__.nstda_sds_chemcasno_130,110-54-3
__import__.nstda_sds_chemcasno_131,110-82-7
__import__.nstda_sds_chemcasno_132,110-83-8
__import__.nstda_sds_chemcasno_133,110-86-1
__import__.nstda_sds_chemcasno_134,110-87-2
__import__.nstda_sds_chemcasno_135,110-89-4
__import__.nstda_sds_chemcasno_136,110-91-8
__import__.nstda_sds_chemcasno_137,11006-33-0
__import__.nstda_sds_chemcasno_138,111-14-8
__import__.nstda_sds_chemcasno_139,111-24-0
__import__.nstda_sds_chemcasno_140,111-30-8
__import__.nstda_sds_chemcasno_141,111-42-2
__import__.nstda_sds_chemcasno_142,111-64-8
__import__.nstda_sds_chemcasno_143,11139-85-8
__import__.nstda_sds_chemcasno_144,1115-24-8
__import__.nstda_sds_chemcasno_145,1119-34-2
__import__.nstda_sds_chemcasno_146,1119-94-4
__import__.nstda_sds_chemcasno_147,112-13-0
__import__.nstda_sds_chemcasno_148,112-40-3
__import__.nstda_sds_chemcasno_149,1122-58-3
__import__.nstda_sds_chemcasno_150,1124-63-6
__import__.nstda_sds_chemcasno_151,113-24-6
__import__.nstda_sds_chemcasno_152,113-92-8
__import__.nstda_sds_chemcasno_153,1132-61-2
__import__.nstda_sds_chemcasno_154,1137-42-4
__import__.nstda_sds_chemcasno_155,114460-21-8
__import__.nstda_sds_chemcasno_156,115-39-9
__import__.nstda_sds_chemcasno_157,115-40-2
__import__.nstda_sds_chemcasno_158,115-41-3
__import__.nstda_sds_chemcasno_159,116-17-6
__import__.nstda_sds_chemcasno_160,117-99-7
__import__.nstda_sds_chemcasno_161,118-92-3
__import__.nstda_sds_chemcasno_162,1184-16-3
__import__.nstda_sds_chemcasno_163,1185-53-1
__import__.nstda_sds_chemcasno_164,1185-57-5
__import__.nstda_sds_chemcasno_165,119-65-3
__import__.nstda_sds_chemcasno_166,119-84-6
__import__.nstda_sds_chemcasno_167,1191-15-7
__import__.nstda_sds_chemcasno_168,1194-02-1
__import__.nstda_sds_chemcasno_169,120-51-4
__import__.nstda_sds_chemcasno_170,120-80-9
__import__.nstda_sds_chemcasno_171,1201-99-6
__import__.nstda_sds_chemcasno_172,12018-01-8
__import__.nstda_sds_chemcasno_173,12054-85-2
__import__.nstda_sds_chemcasno_174,121-44-8
__import__.nstda_sds_chemcasno_175,121-54-0
__import__.nstda_sds_chemcasno_176,121-57-3
__import__.nstda_sds_chemcasno_177,121-60-8
__import__.nstda_sds_chemcasno_178,121-69-7
__import__.nstda_sds_chemcasno_179,12125-02-9
__import__.nstda_sds_chemcasno_180,12125-05-9
__import__.nstda_sds_chemcasno_181,1214-39-7
__import__.nstda_sds_chemcasno_182,1215-02-9
__import__.nstda_sds_chemcasno_183,122-32-7
__import__.nstda_sds_chemcasno_184,122-51-0
__import__.nstda_sds_chemcasno_185,122-97-4
__import__.nstda_sds_chemcasno_186,1220-83-3
__import__.nstda_sds_chemcasno_187,12225-67-1
__import__.nstda_sds_chemcasno_188,1223-07-0
__import__.nstda_sds_chemcasno_189,12230-71-6
__import__.nstda_sds_chemcasno_190,1226-39-7
__import__.nstda_sds_chemcasno_191,122965-43-9
__import__.nstda_sds_chemcasno_192,123-07-9
__import__.nstda_sds_chemcasno_193,123-08-0
__import__.nstda_sds_chemcasno_194,123-30-8
__import__.nstda_sds_chemcasno_195,123-38-6
__import__.nstda_sds_chemcasno_196,123-51-3
__import__.nstda_sds_chemcasno_197,123-75-1
__import__.nstda_sds_chemcasno_198,123-86-4
__import__.nstda_sds_chemcasno_199,123333-66-4
__import__.nstda_sds_chemcasno_200,12372-87-1
__import__.nstda_sds_chemcasno_201,1239-45-8
__import__.nstda_sds_chemcasno_202,124-09-4
__import__.nstda_sds_chemcasno_203,124-38-9
__import__.nstda_sds_chemcasno_204,124-40-3
__import__.nstda_sds_chemcasno_205,124-65-2
__import__.nstda_sds_chemcasno_206,125387-89-5
__import__.nstda_sds_chemcasno_207,12635-27-7
__import__.nstda_sds_chemcasno_208,12650-88-3
__import__.nstda_sds_chemcasno_209,1266615-59-1
__import__.nstda_sds_chemcasno_210,127-08-2
__import__.nstda_sds_chemcasno_211,127-09-3
__import__.nstda_sds_chemcasno_212,128-08-5
__import__.nstda_sds_chemcasno_213,128-09-6
__import__.nstda_sds_chemcasno_214,129541-41-9
__import__.nstda_sds_chemcasno_215,130-16-5
__import__.nstda_sds_chemcasno_216,130-40-5
__import__.nstda_sds_chemcasno_217,13020-57-0
__import__.nstda_sds_chemcasno_218,1303-96-4
__import__.nstda_sds_chemcasno_219,1310-58-3
__import__.nstda_sds_chemcasno_220,1310-66-3
__import__.nstda_sds_chemcasno_221,1310-73-2
__import__.nstda_sds_chemcasno_222,1310-78-2
__import__.nstda_sds_chemcasno_223,1313-27-5
__import__.nstda_sds_chemcasno_224,13139-17-8
__import__.nstda_sds_chemcasno_225,133-32-4
__import__.nstda_sds_chemcasno_226,1330-20-7
__import__.nstda_sds_chemcasno_227,1330-43-4
__import__.nstda_sds_chemcasno_228,133073-73-1
__import__.nstda_sds_chemcasno_229,1333-74-0
__import__.nstda_sds_chemcasno_230,1336-21-6
__import__.nstda_sds_chemcasno_231,13400-13-0
__import__.nstda_sds_chemcasno_232,1344-28-1
__import__.nstda_sds_chemcasno_233,13445-34-9
__import__.nstda_sds_chemcasno_234,13446-34-9
__import__.nstda_sds_chemcasno_235,13463-43-9
__import__.nstda_sds_chemcasno_236,13472-35-0
__import__.nstda_sds_chemcasno_237,13477-34-4
__import__.nstda_sds_chemcasno_238,13478-10-9
__import__.nstda_sds_chemcasno_239,137-08-6
__import__.nstda_sds_chemcasno_240,137-16-6
__import__.nstda_sds_chemcasno_241,137-40-6
__import__.nstda_sds_chemcasno_242,13721-39-6
__import__.nstda_sds_chemcasno_243,13746-66-2
__import__.nstda_sds_chemcasno_244,13755-38-9
__import__.nstda_sds_chemcasno_245,138-14-7
__import__.nstda_sds_chemcasno_246,138-52-3
__import__.nstda_sds_chemcasno_247,138-84-1
__import__.nstda_sds_chemcasno_248,13813-25-7
__import__.nstda_sds_chemcasno_249,13940-38-0
__import__.nstda_sds_chemcasno_250,13943-58-3
__import__.nstda_sds_chemcasno_251,13965-03-2
__import__.nstda_sds_chemcasno_252,1397-94-0
__import__.nstda_sds_chemcasno_253,1398-61-4
__import__.nstda_sds_chemcasno_254,140-10-3
__import__.nstda_sds_chemcasno_255,140-29-4
__import__.nstda_sds_chemcasno_256,140-53-4
__import__.nstda_sds_chemcasno_257,1400-61-9
__import__.nstda_sds_chemcasno_258,14002-80-3
__import__.nstda_sds_chemcasno_259,1401-55-4
__import__.nstda_sds_chemcasno_260,1404-93-9
__import__.nstda_sds_chemcasno_261,14044-65-6
__import__.nstda_sds_chemcasno_262,141-43-5
__import__.nstda_sds_chemcasno_263,141-53-7
__import__.nstda_sds_chemcasno_264,141-78-6
__import__.nstda_sds_chemcasno_265,141-82-2
__import__.nstda_sds_chemcasno_266,1415-93-6
__import__.nstda_sds_chemcasno_267,14168-73-1
__import__.nstda_sds_chemcasno_268,14199-15-6
__import__.nstda_sds_chemcasno_269,142-47-2
__import__.nstda_sds_chemcasno_270,142-72-3
__import__.nstda_sds_chemcasno_271,142-82-5
__import__.nstda_sds_chemcasno_272,14282-91-8
__import__.nstda_sds_chemcasno_273,143-74-8
__import__.nstda_sds_chemcasno_274,14306-25-3
__import__.nstda_sds_chemcasno_275,144-48-9
__import__.nstda_sds_chemcasno_276,144-55-8
__import__.nstda_sds_chemcasno_277,144-74-1
__import__.nstda_sds_chemcasno_278,14431-43-7
__import__.nstda_sds_chemcasno_279,1445-45-0
__import__.nstda_sds_chemcasno_280,14464-46-1
__import__.nstda_sds_chemcasno_281,145224-94-8
__import__.nstda_sds_chemcasno_282,1461-15-0
__import__.nstda_sds_chemcasno_283,1465-25-4
__import__.nstda_sds_chemcasno_284,1467-16-9
__import__.nstda_sds_chemcasno_285,147-85-3
__import__.nstda_sds_chemcasno_286,148-24-3
__import__.nstda_sds_chemcasno_287,14808-60-7
__import__.nstda_sds_chemcasno_288,148504-34-1
__import__.nstda_sds_chemcasno_289,149-32-6
__import__.nstda_sds_chemcasno_290,149-73-5
__import__.nstda_sds_chemcasno_291,149-91-7
__import__.nstda_sds_chemcasno_292,149022-15-1
__import__.nstda_sds_chemcasno_293,149022-20-8
__import__.nstda_sds_chemcasno_294,1492-18-8
__import__.nstda_sds_chemcasno_295,1492-30-4
__import__.nstda_sds_chemcasno_296,150-13-0
__import__.nstda_sds_chemcasno_297,150-25-4
__import__.nstda_sds_chemcasno_298,15086-94-9
__import__.nstda_sds_chemcasno_299,151-21-3
__import__.nstda_sds_chemcasno_300,151-50-8
__import__.nstda_sds_chemcasno_301,15244-10-7
__import__.nstda_sds_chemcasno_302,1529-41-5
__import__.nstda_sds_chemcasno_303,153-94-6
__import__.nstda_sds_chemcasno_304,1530-45-6
__import__.nstda_sds_chemcasno_305,15307-79-6
__import__.nstda_sds_chemcasno_306,154071-48-4
__import__.nstda_sds_chemcasno_307,1546-78-7
__import__.nstda_sds_chemcasno_308,156-57-0
__import__.nstda_sds_chemcasno_309,156-87-6
__import__.nstda_sds_chemcasno_310,1600-27-7
__import__.nstda_sds_chemcasno_311,16009-13-5
__import__.nstda_sds_chemcasno_312,1609-47-8
__import__.nstda_sds_chemcasno_313,1634-04-4
__import__.nstda_sds_chemcasno_314,1634-82-8
__import__.nstda_sds_chemcasno_315,163795-75-3
__import__.nstda_sds_chemcasno_316,1643-19-2
__import__.nstda_sds_chemcasno_317,165660-27-5
__import__.nstda_sds_chemcasno_318,16588-34-4
__import__.nstda_sds_chemcasno_319,1660-93-1
__import__.nstda_sds_chemcasno_320,166674-78-5
__import__.nstda_sds_chemcasno_321,1667-99-8
__import__.nstda_sds_chemcasno_322,1670-14-0
__import__.nstda_sds_chemcasno_323,16788-57-1
__import__.nstda_sds_chemcasno_324,16853-85-3
__import__.nstda_sds_chemcasno_325,16940-66-2
__import__.nstda_sds_chemcasno_326,16961-25-4
__import__.nstda_sds_chemcasno_327,17013-01-3
__import__.nstda_sds_chemcasno_328,1710-98-1
__import__.nstda_sds_chemcasno_329,17199-29-0
__import__.nstda_sds_chemcasno_330,17629-30-0
__import__.nstda_sds_chemcasno_331,17750-23-1
__import__.nstda_sds_chemcasno_332,1777-82-8
__import__.nstda_sds_chemcasno_333,17804-35-2
__import__.nstda_sds_chemcasno_334,1787-61-7
__import__.nstda_sds_chemcasno_335,17927-65-0
__import__.nstda_sds_chemcasno_336,1806-34-4
__import__.nstda_sds_chemcasno_337,18154-32-0
__import__.nstda_sds_chemcasno_338,18161-48-6
__import__.nstda_sds_chemcasno_339,18162-48-6
__import__.nstda_sds_chemcasno_340,1821-12-1
__import__.nstda_sds_chemcasno_341,18472-51-0
__import__.nstda_sds_chemcasno_342,18742-02-4
__import__.nstda_sds_chemcasno_343,18996-35-5
__import__.nstda_sds_chemcasno_344,19064-24-5
__import__.nstda_sds_chemcasno_345,1936-15-8
__import__.nstda_sds_chemcasno_346,19438-10-9
__import__.nstda_sds_chemcasno_347,1972-28-7
__import__.nstda_sds_chemcasno_348,20-99-7
__import__.nstda_sds_chemcasno_349,2001-96-9
__import__.nstda_sds_chemcasno_350,20039-37-6
__import__.nstda_sds_chemcasno_351,2022-85-7
__import__.nstda_sds_chemcasno_352,2028-63-9
__import__.nstda_sds_chemcasno_353,20312-36-1
__import__.nstda_sds_chemcasno_354,2033-24-1
__import__.nstda_sds_chemcasno_355,2044-56-6
__import__.nstda_sds_chemcasno_356,20445-33-4
__import__.nstda_sds_chemcasno_357,2058-46-0
__import__.nstda_sds_chemcasno_358,20605-01-0
__import__.nstda_sds_chemcasno_359,20624-25-3
__import__.nstda_sds_chemcasno_360,20667-12-3
__import__.nstda_sds_chemcasno_361,2067-33-6
__import__.nstda_sds_chemcasno_362,20698-91-3
__import__.nstda_sds_chemcasno_363,207386-92-3
__import__.nstda_sds_chemcasno_364,207605-47-8
__import__.nstda_sds_chemcasno_365,208346-20-7
__import__.nstda_sds_chemcasno_366,21210-43-4
__import__.nstda_sds_chemcasno_367,2150-44-9
__import__.nstda_sds_chemcasno_368,21786-96-6
__import__.nstda_sds_chemcasno_369,22189-08-8
__import__.nstda_sds_chemcasno_370,22206-57-1
__import__.nstda_sds_chemcasno_371,22326-55-2
__import__.nstda_sds_chemcasno_372,2236-60-4
__import__.nstda_sds_chemcasno_373,22373-78-0
__import__.nstda_sds_chemcasno_374,2252-51-9
__import__.nstda_sds_chemcasno_375,2270-20-4
__import__.nstda_sds_chemcasno_376,2393-23-9
__import__.nstda_sds_chemcasno_377,2411-89-4
__import__.nstda_sds_chemcasno_378,2417-90-5
__import__.nstda_sds_chemcasno_379,2437-29-8
__import__.nstda_sds_chemcasno_380,2440-22-4
__import__.nstda_sds_chemcasno_381,24424-99-5
__import__.nstda_sds_chemcasno_382,2444-36-2
__import__.nstda_sds_chemcasno_383,2446-83-5
__import__.nstda_sds_chemcasno_384,2447-57-6
__import__.nstda_sds_chemcasno_385,2449-05-0
__import__.nstda_sds_chemcasno_386,2457-80-9
__import__.nstda_sds_chemcasno_387,24772-63-2
__import__.nstda_sds_chemcasno_388,2478-38-8
__import__.nstda_sds_chemcasno_389,2516-33-8
__import__.nstda_sds_chemcasno_390,25213-24-5
__import__.nstda_sds_chemcasno_391,25249-54-1
__import__.nstda_sds_chemcasno_392,2528-61-2
__import__.nstda_sds_chemcasno_393,2530-85-0
__import__.nstda_sds_chemcasno_394,25322-68-3
__import__.nstda_sds_chemcasno_395,25377-73-5
__import__.nstda_sds_chemcasno_396,25389-94-0
__import__.nstda_sds_chemcasno_397,2576-47-8
__import__.nstda_sds_chemcasno_398,2577-62-0
__import__.nstda_sds_chemcasno_399,2580-78-1
__import__.nstda_sds_chemcasno_400,25952-53-8
__import__.nstda_sds_chemcasno_401,2623-87-2
__import__.nstda_sds_chemcasno_402,26299-14-9
__import__.nstda_sds_chemcasno_403,2635-84-9
__import__.nstda_sds_chemcasno_404,2646-71-1
__import__.nstda_sds_chemcasno_405,2650-17-1
__import__.nstda_sds_chemcasno_406,26628-22-8
__import__.nstda_sds_chemcasno_407,26776-70-5
__import__.nstda_sds_chemcasno_408,2687-43-6
__import__.nstda_sds_chemcasno_409,26873-85-8
__import__.nstda_sds_chemcasno_410,26913-06-4
__import__.nstda_sds_chemcasno_411,27025-41-8
__import__.nstda_sds_chemcasno_412,2743-38-6
__import__.nstda_sds_chemcasno_413,27607-77-8
__import__.nstda_sds_chemcasno_414,2782-57-2
__import__.nstda_sds_chemcasno_415,27848-80-2
__import__.nstda_sds_chemcasno_416,27964-99-4
__import__.nstda_sds_chemcasno_417,280-57-9
__import__.nstda_sds_chemcasno_418,28166-41-8
__import__.nstda_sds_chemcasno_419,28177-48-2
__import__.nstda_sds_chemcasno_420,28315-93-7
__import__.nstda_sds_chemcasno_421,2835-81-6
__import__.nstda_sds_chemcasno_422,2840-28-0
__import__.nstda_sds_chemcasno_423,2843-17-6
__import__.nstda_sds_chemcasno_424,288-32-4
__import__.nstda_sds_chemcasno_425,28983-56-4
__import__.nstda_sds_chemcasno_426,29122-68-7
__import__.nstda_sds_chemcasno_427,2916-68-9
__import__.nstda_sds_chemcasno_428,29435-48-1
__import__.nstda_sds_chemcasno_429,2969-81-5
__import__.nstda_sds_chemcasno_430,298-14-6
__import__.nstda_sds_chemcasno_431,298-46-4
__import__.nstda_sds_chemcasno_432,298-83-9
__import__.nstda_sds_chemcasno_433,298-96-4
__import__.nstda_sds_chemcasno_434,29836-26-8
__import__.nstda_sds_chemcasno_435,29915-38-6
__import__.nstda_sds_chemcasno_436,3012-65-5
__import__.nstda_sds_chemcasno_437,302-17-0
__import__.nstda_sds_chemcasno_438,302-95-4
__import__.nstda_sds_chemcasno_439,30414-53-0
__import__.nstda_sds_chemcasno_440,30525-89-4
__import__.nstda_sds_chemcasno_441,30652-11-0
__import__.nstda_sds_chemcasno_442,30931-67-0
__import__.nstda_sds_chemcasno_443,311-28-4
__import__.nstda_sds_chemcasno_444,312-84-5
__import__.nstda_sds_chemcasno_445,312-85-6
__import__.nstda_sds_chemcasno_446,312693-72-4
__import__.nstda_sds_chemcasno_447,31282-04-9
__import__.nstda_sds_chemcasno_448,314-13-6
__import__.nstda_sds_chemcasno_449,3144-16-9
__import__.nstda_sds_chemcasno_450,315-30-0
__import__.nstda_sds_chemcasno_451,3150-24-1
__import__.nstda_sds_chemcasno_452,3164-29-2
__import__.nstda_sds_chemcasno_453,319-78-8
__import__.nstda_sds_chemcasno_454,321-30-2
__import__.nstda_sds_chemcasno_455,3211-76-5
__import__.nstda_sds_chemcasno_456,3240-34-4
__import__.nstda_sds_chemcasno_457,327-92-4
__import__.nstda_sds_chemcasno_458,329-98-6
__import__.nstda_sds_chemcasno_459,3296-90-0
__import__.nstda_sds_chemcasno_460,3326-32-7
__import__.nstda_sds_chemcasno_461,333-18-6
__import__.nstda_sds_chemcasno_462,333-20-0
__import__.nstda_sds_chemcasno_463,333338-18-4
__import__.nstda_sds_chemcasno_464,33524-31-1
__import__.nstda_sds_chemcasno_465,338-69-2
__import__.nstda_sds_chemcasno_466,3380-34-5
__import__.nstda_sds_chemcasno_467,33821-94-2
__import__.nstda_sds_chemcasno_468,33884-43-4
__import__.nstda_sds_chemcasno_469,34143-74-3
__import__.nstda_sds_chemcasno_470,3428-24-8
__import__.nstda_sds_chemcasno_471,34369-07-8
__import__.nstda_sds_chemcasno_472,344-25-2
__import__.nstda_sds_chemcasno_473,34487-61-1
__import__.nstda_sds_chemcasno_474,3458-28-4
__import__.nstda_sds_chemcasno_475,3458-72-8
__import__.nstda_sds_chemcasno_476,34620-78-5
__import__.nstda_sds_chemcasno_477,34725-61-6
__import__.nstda_sds_chemcasno_478,348-67-4
__import__.nstda_sds_chemcasno_479,350-29-8
__import__.nstda_sds_chemcasno_480,351-50-8
__import__.nstda_sds_chemcasno_481,3520-42-1
__import__.nstda_sds_chemcasno_482,3541-37-5
__import__.nstda_sds_chemcasno_483,35573-93-4
__import__.nstda_sds_chemcasno_484,358-23-6
__import__.nstda_sds_chemcasno_485,35989-16-3
__import__.nstda_sds_chemcasno_486,3616-42-0
__import__.nstda_sds_chemcasno_487,3625-57-8
__import__.nstda_sds_chemcasno_488,367-93-1
__import__.nstda_sds_chemcasno_489,3671-99-6
__import__.nstda_sds_chemcasno_490,36982-84-0
__import__.nstda_sds_chemcasno_491,371-40-4
__import__.nstda_sds_chemcasno_492,37340-57-1
__import__.nstda_sds_chemcasno_493,3767-28-0
__import__.nstda_sds_chemcasno_494,3770-50-1
__import__.nstda_sds_chemcasno_495,3810-74-0
__import__.nstda_sds_chemcasno_496,38880-58-9
__import__.nstda_sds_chemcasno_497,389-08-2
__import__.nstda_sds_chemcasno_498,3912-67-5
__import__.nstda_sds_chemcasno_499,3913-67-5
__import__.nstda_sds_chemcasno_500,3918-90-9
__import__.nstda_sds_chemcasno_501,392-98-6
__import__.nstda_sds_chemcasno_502,39389-20-3
__import__.nstda_sds_chemcasno_503,39445-21-1
__import__.nstda_sds_chemcasno_504,39450-01-6
__import__.nstda_sds_chemcasno_505,39515-51-0
__import__.nstda_sds_chemcasno_506,39636-99-5
__import__.nstda_sds_chemcasno_507,39665-12-8
__import__.nstda_sds_chemcasno_508,4009-98-7
__import__.nstda_sds_chemcasno_509,4026-18-0
__import__.nstda_sds_chemcasno_510,4033-27-6
__import__.nstda_sds_chemcasno_511,4039-32-1
__import__.nstda_sds_chemcasno_512,4043-87-2
__import__.nstda_sds_chemcasno_513,40949-94-8
__import__.nstda_sds_chemcasno_514,411-36-1
__import__.nstda_sds_chemcasno_515,4111-54-0
__import__.nstda_sds_chemcasno_516,41302-34-5
__import__.nstda_sds_chemcasno_517,41492-05-1
__import__.nstda_sds_chemcasno_518,4178-93-2
__import__.nstda_sds_chemcasno_519,4197-24-4
__import__.nstda_sds_chemcasno_520,4197-25-5
__import__.nstda_sds_chemcasno_521,42155-08-8
__import__.nstda_sds_chemcasno_522,4264-83-9
__import__.nstda_sds_chemcasno_523,4306-24-5
__import__.nstda_sds_chemcasno_524,43086-58-4
__import__.nstda_sds_chemcasno_525,4397-53-9
__import__.nstda_sds_chemcasno_526,4432-31-9
__import__.nstda_sds_chemcasno_527,4441-57-0
__import__.nstda_sds_chemcasno_528,4463-44-9
__import__.nstda_sds_chemcasno_529,4521-28-2
__import__.nstda_sds_chemcasno_530,4548-53-2
__import__.nstda_sds_chemcasno_531,4549-31-9
__import__.nstda_sds_chemcasno_532,456-48-4
__import__.nstda_sds_chemcasno_533,461-58-5
__import__.nstda_sds_chemcasno_534,462-37-9
__import__.nstda_sds_chemcasno_535,4637-24-5
__import__.nstda_sds_chemcasno_536,471-31-1
__import__.nstda_sds_chemcasno_537,471-34-1
__import__.nstda_sds_chemcasno_538,472-61-7
__import__.nstda_sds_chemcasno_539,47326-86-3
__import__.nstda_sds_chemcasno_540,4755-50-4
__import__.nstda_sds_chemcasno_541,477-73-6
__import__.nstda_sds_chemcasno_542,4799-68-2
__import__.nstda_sds_chemcasno_543,480-66-0
__import__.nstda_sds_chemcasno_544,4800-94-6
__import__.nstda_sds_chemcasno_545,485-47-2
__import__.nstda_sds_chemcasno_546,487-90-1
__import__.nstda_sds_chemcasno_547,488-81-3
__import__.nstda_sds_chemcasno_548,488-82-4
__import__.nstda_sds_chemcasno_549,490-79-9
__import__.nstda_sds_chemcasno_550,491-30-5
__import__.nstda_sds_chemcasno_551,492-37-5
__import__.nstda_sds_chemcasno_552,497-19-8
__import__.nstda_sds_chemcasno_553,498-36-2
__import__.nstda_sds_chemcasno_554,50-00-0
__import__.nstda_sds_chemcasno_555,50-01-1
__import__.nstda_sds_chemcasno_556,50-02-2
__import__.nstda_sds_chemcasno_557,50-21-5
__import__.nstda_sds_chemcasno_558,50-63-5
__import__.nstda_sds_chemcasno_559,50-70-4
__import__.nstda_sds_chemcasno_560,50-81-7
__import__.nstda_sds_chemcasno_561,50-89-5
__import__.nstda_sds_chemcasno_562,50-99-7
__import__.nstda_sds_chemcasno_563,500-99-2
__import__.nstda_sds_chemcasno_564,501-53-1
__import__.nstda_sds_chemcasno_565,503-74-2
__import__.nstda_sds_chemcasno_566,504-63-2
__import__.nstda_sds_chemcasno_567,504-88-1
__import__.nstda_sds_chemcasno_568,51-17-2
__import__.nstda_sds_chemcasno_569,51-35-4
__import__.nstda_sds_chemcasno_570,51-55-8
__import__.nstda_sds_chemcasno_571,510-13-4
__import__.nstda_sds_chemcasno_572,51142-49-5
__import__.nstda_sds_chemcasno_573,513-35-9
__import__.nstda_sds_chemcasno_574,513-77-9
__import__.nstda_sds_chemcasno_575,51429-74-4
__import__.nstda_sds_chemcasno_576,51481-61-9
__import__.nstda_sds_chemcasno_577,517-28-2
__import__.nstda_sds_chemcasno_578,51805-45-9
__import__.nstda_sds_chemcasno_579,52-89-1
__import__.nstda_sds_chemcasno_580,52-90-4
__import__.nstda_sds_chemcasno_581,52328-05-9
__import__.nstda_sds_chemcasno_582,524-38-9
__import__.nstda_sds_chemcasno_583,52698-84-7
__import__.nstda_sds_chemcasno_584,528-50-7
__import__.nstda_sds_chemcasno_585,529-34-0
__import__.nstda_sds_chemcasno_586,5293-43-4
__import__.nstda_sds_chemcasno_587,53-84-9
__import__.nstda_sds_chemcasno_588,530-59-6
__import__.nstda_sds_chemcasno_589,530-62-1
__import__.nstda_sds_chemcasno_590,5328-37-0
__import__.nstda_sds_chemcasno_591,534-16-7
__import__.nstda_sds_chemcasno_592,534-17-8
__import__.nstda_sds_chemcasno_593,53585-93-6
__import__.nstda_sds_chemcasno_594,53597-69-6
__import__.nstda_sds_chemcasno_595,539-74-2
__import__.nstda_sds_chemcasno_596,53937-02-1
__import__.nstda_sds_chemcasno_597,53937-02-3
__import__.nstda_sds_chemcasno_598,54-31-9
__import__.nstda_sds_chemcasno_599,54-50-1
__import__.nstda_sds_chemcasno_600,54-64-8
__import__.nstda_sds_chemcasno_601,54-85-3
__import__.nstda_sds_chemcasno_602,540-51-2
__import__.nstda_sds_chemcasno_603,540-69-2
__import__.nstda_sds_chemcasno_604,5402-55-1
__import__.nstda_sds_chemcasno_605,542-28-9
__import__.nstda_sds_chemcasno_606,54314-84-0
__import__.nstda_sds_chemcasno_607,5435-54-1
__import__.nstda_sds_chemcasno_608,544-76-3
__import__.nstda_sds_chemcasno_609,547-32-0
__import__.nstda_sds_chemcasno_610,547-63-7
__import__.nstda_sds_chemcasno_611,548-62-9
__import__.nstda_sds_chemcasno_612,54827-17-7
__import__.nstda_sds_chemcasno_613,554-12-1
__import__.nstda_sds_chemcasno_614,556-02-5
__import__.nstda_sds_chemcasno_615,556-24-1
__import__.nstda_sds_chemcasno_616,558-13-4
__import__.nstda_sds_chemcasno_617,56-17-7
__import__.nstda_sds_chemcasno_618,56-23-5
__import__.nstda_sds_chemcasno_619,56-40-6
__import__.nstda_sds_chemcasno_620,56-41-7
__import__.nstda_sds_chemcasno_621,56-45-1
__import__.nstda_sds_chemcasno_622,56-75-7
__import__.nstda_sds_chemcasno_623,56-78-1
__import__.nstda_sds_chemcasno_624,56-81-5
__import__.nstda_sds_chemcasno_625,56-84-8
__import__.nstda_sds_chemcasno_626,56-85-9
__import__.nstda_sds_chemcasno_627,56-86-0
__import__.nstda_sds_chemcasno_628,56-89-3
__import__.nstda_sds_chemcasno_629,5600-41-5
__import__.nstda_sds_chemcasno_630,5625-37-6
__import__.nstda_sds_chemcasno_631,563-80-4
__import__.nstda_sds_chemcasno_632,56392-17-7
__import__.nstda_sds_chemcasno_633,56602-33-6
__import__.nstda_sds_chemcasno_634,57-09-0
__import__.nstda_sds_chemcasno_635,57-10-3
__import__.nstda_sds_chemcasno_636,57-13-6
__import__.nstda_sds_chemcasno_637,57-48-7
__import__.nstda_sds_chemcasno_638,57-50-1
__import__.nstda_sds_chemcasno_639,57-55-6
__import__.nstda_sds_chemcasno_640,57-66-9
__import__.nstda_sds_chemcasno_641,57-83-0
__import__.nstda_sds_chemcasno_642,57-88-5
__import__.nstda_sds_chemcasno_643,573-58-0
__import__.nstda_sds_chemcasno_644,576-26-1
__import__.nstda_sds_chemcasno_645,5794-13-8
__import__.nstda_sds_chemcasno_646,58-05-9
__import__.nstda_sds_chemcasno_647,58-14-0
__import__.nstda_sds_chemcasno_648,58-55-9
__import__.nstda_sds_chemcasno_649,58-56-0
__import__.nstda_sds_chemcasno_650,58-61-7
__import__.nstda_sds_chemcasno_651,58-63-9
__import__.nstda_sds_chemcasno_652,58-85-5
__import__.nstda_sds_chemcasno_653,58-86-6
__import__.nstda_sds_chemcasno_654,58-93-5
__import__.nstda_sds_chemcasno_655,58-96-8
__import__.nstda_sds_chemcasno_656,580-51-8
__import__.nstda_sds_chemcasno_657,584-08-7
__import__.nstda_sds_chemcasno_658,584-13-4
__import__.nstda_sds_chemcasno_659,585-99-9
__import__.nstda_sds_chemcasno_660,58856-93-2
__import__.nstda_sds_chemcasno_661,589-15-1
__import__.nstda_sds_chemcasno_662,59-23-4
__import__.nstda_sds_chemcasno_663,59-30-3
__import__.nstda_sds_chemcasno_664,59-31-4
__import__.nstda_sds_chemcasno_665,59-51-8
__import__.nstda_sds_chemcasno_666,59-67-6
__import__.nstda_sds_chemcasno_667,59-92-7
__import__.nstda_sds_chemcasno_668,590-29-4
__import__.nstda_sds_chemcasno_669,590-92-1
__import__.nstda_sds_chemcasno_670,591-27-5
__import__.nstda_sds_chemcasno_671,591-59-3
__import__.nstda_sds_chemcasno_672,59146-56-4
__import__.nstda_sds_chemcasno_673,593-56-6
__import__.nstda_sds_chemcasno_674,593-81-7
__import__.nstda_sds_chemcasno_675,593-84-0
__import__.nstda_sds_chemcasno_676,593-85-1
__import__.nstda_sds_chemcasno_677,5934-29-2
__import__.nstda_sds_chemcasno_678,594-14-9
__import__.nstda_sds_chemcasno_679,5949-29-1
__import__.nstda_sds_chemcasno_680,5959-95-5
__import__.nstda_sds_chemcasno_681,5965-83-3
__import__.nstda_sds_chemcasno_682,597-43-3
__import__.nstda_sds_chemcasno_683,5970-45-6
__import__.nstda_sds_chemcasno_684,598-82-3
__import__.nstda_sds_chemcasno_685,5988-19-2
__import__.nstda_sds_chemcasno_686,60-00-4
__import__.nstda_sds_chemcasno_687,60-01-5
__import__.nstda_sds_chemcasno_688,60-18-4
__import__.nstda_sds_chemcasno_689,60-24-2
__import__.nstda_sds_chemcasno_690,60-29-7
__import__.nstda_sds_chemcasno_691,600-21-5
__import__.nstda_sds_chemcasno_692,6004-24-6
__import__.nstda_sds_chemcasno_693,60177-39-1
__import__.nstda_sds_chemcasno_694,6018-89-9
__import__.nstda_sds_chemcasno_695,6020-87-7
__import__.nstda_sds_chemcasno_696,603-35-0
__import__.nstda_sds_chemcasno_697,604-44-4
__import__.nstda_sds_chemcasno_698,6046-93-1
__import__.nstda_sds_chemcasno_699,606-68-8
__import__.nstda_sds_chemcasno_700,6064-93-1
__import__.nstda_sds_chemcasno_701,6066-82-6
__import__.nstda_sds_chemcasno_702,6080-56-4
__import__.nstda_sds_chemcasno_703,609-99-4
__import__.nstda_sds_chemcasno_704,61-90-5
__import__.nstda_sds_chemcasno_705,6104-58-1
__import__.nstda_sds_chemcasno_706,6104-59-2
__import__.nstda_sds_chemcasno_707,6106-24-7
__import__.nstda_sds_chemcasno_708,61079-40-2
__import__.nstda_sds_chemcasno_709,6108-17-4
__import__.nstda_sds_chemcasno_710,611-10-9
__import__.nstda_sds_chemcasno_711,611-35-8
__import__.nstda_sds_chemcasno_712,612-37-4
__import__.nstda_sds_chemcasno_713,6131-90-4
__import__.nstda_sds_chemcasno_714,6131-99-3
__import__.nstda_sds_chemcasno_715,6138-23-4
__import__.nstda_sds_chemcasno_716,614-75-5
__import__.nstda_sds_chemcasno_717,6147-53-1
__import__.nstda_sds_chemcasno_718,61475-31-8
__import__.nstda_sds_chemcasno_719,615-16-7
__import__.nstda_sds_chemcasno_720,6156-78-1
__import__.nstda_sds_chemcasno_721,616-39-7
__import__.nstda_sds_chemcasno_722,617-48-1
__import__.nstda_sds_chemcasno_723,61717-82-6
__import__.nstda_sds_chemcasno_724,618-46-2
__import__.nstda_sds_chemcasno_725,619-50-1
__import__.nstda_sds_chemcasno_726,62-31-7
__import__.nstda_sds_chemcasno_727,62-33-9
__import__.nstda_sds_chemcasno_728,62-50-0
__import__.nstda_sds_chemcasno_729,62-53-3
__import__.nstda_sds_chemcasno_730,62-54-4
__import__.nstda_sds_chemcasno_731,62-56-6
__import__.nstda_sds_chemcasno_732,620-17-7
__import__.nstda_sds_chemcasno_733,620-23-5
__import__.nstda_sds_chemcasno_734,620-24-6
__import__.nstda_sds_chemcasno_735,621-37-4
__import__.nstda_sds_chemcasno_736,622-88-8
__import__.nstda_sds_chemcasno_737,6226-79-5
__import__.nstda_sds_chemcasno_738,623-05-2
__import__.nstda_sds_chemcasno_739,623-43-8
__import__.nstda_sds_chemcasno_740,623-50-7
__import__.nstda_sds_chemcasno_741,626-03-9
__import__.nstda_sds_chemcasno_742,626-64-2
__import__.nstda_sds_chemcasno_743,62625-28-9
__import__.nstda_sds_chemcasno_744,62625-29-0
__import__.nstda_sds_chemcasno_745,62669-70-9
__import__.nstda_sds_chemcasno_746,627-18-9
__import__.nstda_sds_chemcasno_747,628-20-6
__import__.nstda_sds_chemcasno_748,628-21-7
__import__.nstda_sds_chemcasno_749,629-04-9
__import__.nstda_sds_chemcasno_750,629-25-4
__import__.nstda_sds_chemcasno_751,629-93-6
__import__.nstda_sds_chemcasno_752,63-68-3
__import__.nstda_sds_chemcasno_753,63-74-1
__import__.nstda_sds_chemcasno_754,63-91-2
__import__.nstda_sds_chemcasno_755,63-91-3
__import__.nstda_sds_chemcasno_756,631-61-8
__import__.nstda_sds_chemcasno_757,63148-62-9
__import__.nstda_sds_chemcasno_758,632-20-2
__import__.nstda_sds_chemcasno_759,632-69-9
__import__.nstda_sds_chemcasno_760,63231-67-4
__import__.nstda_sds_chemcasno_761,6331-92-6
__import__.nstda_sds_chemcasno_762,6334-18-5
__import__.nstda_sds_chemcasno_763,63409-48-3
__import__.nstda_sds_chemcasno_764,6345-35-4
__import__.nstda_sds_chemcasno_765,63451-35-4
__import__.nstda_sds_chemcasno_766,635-93-8
__import__.nstda_sds_chemcasno_767,6363-53-7
__import__.nstda_sds_chemcasno_768,637-01-4
__import__.nstda_sds_chemcasno_769,637-03-6
__import__.nstda_sds_chemcasno_770,637-32-1
__import__.nstda_sds_chemcasno_771,638-29-9
__import__.nstda_sds_chemcasno_772,6381-59-5
__import__.nstda_sds_chemcasno_773,6381-92-6
__import__.nstda_sds_chemcasno_774,6398-98-7
__import__.nstda_sds_chemcasno_775,64-17-5
__import__.nstda_sds_chemcasno_776,64-18-6
__import__.nstda_sds_chemcasno_777,64-19-7
__import__.nstda_sds_chemcasno_778,64-19-8
__import__.nstda_sds_chemcasno_779,64-75-5
__import__.nstda_sds_chemcasno_780,640-68-6
__import__.nstda_sds_chemcasno_781,64044-51-5
__import__.nstda_sds_chemcasno_782,64285-73-0
__import__.nstda_sds_chemcasno_783,64431-96-5
__import__.nstda_sds_chemcasno_784,646-07-1
__import__.nstda_sds_chemcasno_785,64742-55-8
__import__.nstda_sds_chemcasno_786,6484-52-2
__import__.nstda_sds_chemcasno_787,65-49-6
__import__.nstda_sds_chemcasno_788,65072-00-6
__import__.nstda_sds_chemcasno_789,652-67-5
__import__.nstda_sds_chemcasno_790,65455-52-9
__import__.nstda_sds_chemcasno_791,6553-96-4
__import__.nstda_sds_chemcasno_792,657-26-1
__import__.nstda_sds_chemcasno_793,657-27-2
__import__.nstda_sds_chemcasno_794,66-22-8
__import__.nstda_sds_chemcasno_795,66-77-3
__import__.nstda_sds_chemcasno_796,66-77-7
__import__.nstda_sds_chemcasno_797,66-81-9
__import__.nstda_sds_chemcasno_798,66-84-2
__import__.nstda_sds_chemcasno_799,66009-10-7
__import__.nstda_sds_chemcasno_800,66108-95-0
__import__.nstda_sds_chemcasno_801,66357-59-3
__import__.nstda_sds_chemcasno_802,6674-22-2
__import__.nstda_sds_chemcasno_803,67-03-8
__import__.nstda_sds_chemcasno_804,67-42-5
__import__.nstda_sds_chemcasno_805,67-43-6
__import__.nstda_sds_chemcasno_806,67-48-1
__import__.nstda_sds_chemcasno_807,67-56-1
__import__.nstda_sds_chemcasno_808,67-63-0
__import__.nstda_sds_chemcasno_809,67-64-1
__import__.nstda_sds_chemcasno_810,67-66-3
__import__.nstda_sds_chemcasno_811,67-68-5
__import__.nstda_sds_chemcasno_812,673-06-3
__import__.nstda_sds_chemcasno_813,68-12-2
__import__.nstda_sds_chemcasno_814,68-19-9
__import__.nstda_sds_chemcasno_815,68-26-8
__import__.nstda_sds_chemcasno_816,68-94-0
__import__.nstda_sds_chemcasno_817,68131-04-4
__import__.nstda_sds_chemcasno_818,68308-23-6
__import__.nstda_sds_chemcasno_819,68308-87-2
__import__.nstda_sds_chemcasno_820,68476-85-7
__import__.nstda_sds_chemcasno_821,68550-77-6
__import__.nstda_sds_chemcasno_822,68855-54-9
__import__.nstda_sds_chemcasno_823,68867-14-1
__import__.nstda_sds_chemcasno_824,6892-58-6
__import__.nstda_sds_chemcasno_825,6892-68-8
__import__.nstda_sds_chemcasno_826,68954-42-7
__import__.nstda_sds_chemcasno_827,6899-09-0
__import__.nstda_sds_chemcasno_828,68990-09-0
__import__.nstda_sds_chemcasno_829,69-52-3
__import__.nstda_sds_chemcasno_830,69-57-8
__import__.nstda_sds_chemcasno_831,69-65-8
__import__.nstda_sds_chemcasno_832,69-72-7
__import__.nstda_sds_chemcasno_833,69-79-4
__import__.nstda_sds_chemcasno_834,69-89-6
__import__.nstda_sds_chemcasno_835,69-96-5
__import__.nstda_sds_chemcasno_836,69011-20-7
__import__.nstda_sds_chemcasno_837,6911-20-7
__import__.nstda_sds_chemcasno_838,69113-63-9
__import__.nstda_sds_chemcasno_839,6915-15-7
__import__.nstda_sds_chemcasno_840,693-98-1
__import__.nstda_sds_chemcasno_841,6976-37-0
__import__.nstda_sds_chemcasno_842,69991-67-9
__import__.nstda_sds_chemcasno_843,70-18-8
__import__.nstda_sds_chemcasno_844,70-47-3
__import__.nstda_sds_chemcasno_845,70442-25-0
__import__.nstda_sds_chemcasno_846,70560-51-9
__import__.nstda_sds_chemcasno_847,708-06-5
__import__.nstda_sds_chemcasno_848,7087-68-5
__import__.nstda_sds_chemcasno_849,71-00-1
__import__.nstda_sds_chemcasno_850,71-23-8
__import__.nstda_sds_chemcasno_851,71-36-3
__import__.nstda_sds_chemcasno_852,71-43-2
__import__.nstda_sds_chemcasno_853,71010-52-1
__import__.nstda_sds_chemcasno_854,7119-23-8
__import__.nstda_sds_chemcasno_855,71206-95-6
__import__.nstda_sds_chemcasno_856,7177-48-2
__import__.nstda_sds_chemcasno_857,71804-27-8
__import__.nstda_sds_chemcasno_858,71963-77-4
__import__.nstda_sds_chemcasno_859,72-14-0
__import__.nstda_sds_chemcasno_860,72-18-4
__import__.nstda_sds_chemcasno_861,72-19-5
__import__.nstda_sds_chemcasno_862,72-57-1
__import__.nstda_sds_chemcasno_863,72-80-0
__import__.nstda_sds_chemcasno_864,7220-79-3
__import__.nstda_sds_chemcasno_865,723-46-6
__import__.nstda_sds_chemcasno_866,7235-40-7
__import__.nstda_sds_chemcasno_867,7240-38-2
__import__.nstda_sds_chemcasno_868,7240-90-6
__import__.nstda_sds_chemcasno_869,73-22-3
__import__.nstda_sds_chemcasno_870,73-24-5
__import__.nstda_sds_chemcasno_871,73-32-5
__import__.nstda_sds_chemcasno_872,73049-73-7
__import__.nstda_sds_chemcasno_873,7310-73-2
__import__.nstda_sds_chemcasno_874,7320-34-5
__import__.nstda_sds_chemcasno_875,7326-19-4
__import__.nstda_sds_chemcasno_876,7365-44-8
__import__.nstda_sds_chemcasno_877,7365-45-9
__import__.nstda_sds_chemcasno_878,7385-67-3
__import__.nstda_sds_chemcasno_879,74-79-3
__import__.nstda_sds_chemcasno_880,74-82-8
__import__.nstda_sds_chemcasno_881,74-88-4
__import__.nstda_sds_chemcasno_882,7415-22-7
__import__.nstda_sds_chemcasno_883,7439-93-2
__import__.nstda_sds_chemcasno_884,7439-95-4
__import__.nstda_sds_chemcasno_885,7439-98-7
__import__.nstda_sds_chemcasno_886,7440-02-0
__import__.nstda_sds_chemcasno_887,7440-37-1
__import__.nstda_sds_chemcasno_888,7440-44-0
__import__.nstda_sds_chemcasno_889,7440-59-7
__import__.nstda_sds_chemcasno_890,7446-20-0
__import__.nstda_sds_chemcasno_891,7447-40-7
__import__.nstda_sds_chemcasno_892,7447-41-8
__import__.nstda_sds_chemcasno_893,74804-12-9
__import__.nstda_sds_chemcasno_894,7486-38-6
__import__.nstda_sds_chemcasno_895,7487-88-9
__import__.nstda_sds_chemcasno_896,75-05-8
__import__.nstda_sds_chemcasno_897,75-07-0
__import__.nstda_sds_chemcasno_898,75-09-2
__import__.nstda_sds_chemcasno_899,75-12-7
__import__.nstda_sds_chemcasno_900,75-36-5
__import__.nstda_sds_chemcasno_901,75-60-5
__import__.nstda_sds_chemcasno_902,75-65-0
__import__.nstda_sds_chemcasno_903,75-77-4
__import__.nstda_sds_chemcasno_904,75-91-2
__import__.nstda_sds_chemcasno_905,75277-39-3
__import__.nstda_sds_chemcasno_906,7550-35-8
__import__.nstda_sds_chemcasno_907,7550-45-0
__import__.nstda_sds_chemcasno_908,7553-56-2
__import__.nstda_sds_chemcasno_909,7558-70-4
__import__.nstda_sds_chemcasno_910,7558-79-4
__import__.nstda_sds_chemcasno_911,7558-80-7
__import__.nstda_sds_chemcasno_912,75621-03-3
__import__.nstda_sds_chemcasno_913,76-03-9
__import__.nstda_sds_chemcasno_914,76-05-1
__import__.nstda_sds_chemcasno_915,76-59-5
__import__.nstda_sds_chemcasno_916,76-60-8
__import__.nstda_sds_chemcasno_917,7601-90-3
__import__.nstda_sds_chemcasno_918,7631-86-9
__import__.nstda_sds_chemcasno_919,7631-90-5
__import__.nstda_sds_chemcasno_920,7631-95-0
__import__.nstda_sds_chemcasno_921,7631-98-3
__import__.nstda_sds_chemcasno_922,7631-99-4
__import__.nstda_sds_chemcasno_923,7632-00-0
__import__.nstda_sds_chemcasno_924,7646-69-7
__import__.nstda_sds_chemcasno_925,7646-79-9
__import__.nstda_sds_chemcasno_926,7646-85-7
__import__.nstda_sds_chemcasno_927,7646-93-7
__import__.nstda_sds_chemcasno_928,7647-01-0
__import__.nstda_sds_chemcasno_929,7647-14-5
__import__.nstda_sds_chemcasno_930,7647-15-6
__import__.nstda_sds_chemcasno_931,7651-81-2
__import__.nstda_sds_chemcasno_932,7664-38-2
__import__.nstda_sds_chemcasno_933,7664-41-7
__import__.nstda_sds_chemcasno_934,7664-93-9
__import__.nstda_sds_chemcasno_935,7668-38-2
__import__.nstda_sds_chemcasno_936,76706-55-3
__import__.nstda_sds_chemcasno_937,76748-86-2
__import__.nstda_sds_chemcasno_938,7681-11-0
__import__.nstda_sds_chemcasno_939,7681-52-9
__import__.nstda_sds_chemcasno_940,7681-57-4
__import__.nstda_sds_chemcasno_941,7681-65-4
__import__.nstda_sds_chemcasno_942,7681-76-7
__import__.nstda_sds_chemcasno_943,7681-82-5
__import__.nstda_sds_chemcasno_944,7697-37-2
__import__.nstda_sds_chemcasno_945,7699-45-8
__import__.nstda_sds_chemcasno_946,77-09-6
__import__.nstda_sds_chemcasno_947,77-09-8
__import__.nstda_sds_chemcasno_948,77-86-1
__import__.nstda_sds_chemcasno_949,77-92-9
__import__.nstda_sds_chemcasno_950,7705-08-0
__import__.nstda_sds_chemcasno_951,7718-54-9
__import__.nstda_sds_chemcasno_952,7722-64-7
__import__.nstda_sds_chemcasno_953,7722-76-1
__import__.nstda_sds_chemcasno_954,7722-81-1
__import__.nstda_sds_chemcasno_955,7722-84-1
__import__.nstda_sds_chemcasno_956,7726-95-6
__import__.nstda_sds_chemcasno_957,7727-37-9
__import__.nstda_sds_chemcasno_958,7727-54-0
__import__.nstda_sds_chemcasno_959,773-64-8
__import__.nstda_sds_chemcasno_960,773-76-2
__import__.nstda_sds_chemcasno_961,7732-18-5
__import__.nstda_sds_chemcasno_962,7733-02-0
__import__.nstda_sds_chemcasno_963,7740-23-5
__import__.nstda_sds_chemcasno_964,7757-79-1
__import__.nstda_sds_chemcasno_965,7757-82-6
__import__.nstda_sds_chemcasno_966,7757-83-7
__import__.nstda_sds_chemcasno_967,7758-19-2
__import__.nstda_sds_chemcasno_968,7758-87-4
__import__.nstda_sds_chemcasno_969,7758-98-7
__import__.nstda_sds_chemcasno_970,7758-99-8
__import__.nstda_sds_chemcasno_971,7761-88-8
__import__.nstda_sds_chemcasno_972,7772-98-7
__import__.nstda_sds_chemcasno_973,7773-06-0
__import__.nstda_sds_chemcasno_974,7775-14-6
__import__.nstda_sds_chemcasno_975,7778-50-9
__import__.nstda_sds_chemcasno_976,7778-54-3
__import__.nstda_sds_chemcasno_977,7778-77-0
__import__.nstda_sds_chemcasno_978,7778-80-5
__import__.nstda_sds_chemcasno_979,7782-44-0
__import__.nstda_sds_chemcasno_980,7782-61-8
__import__.nstda_sds_chemcasno_981,7782-63-0
__import__.nstda_sds_chemcasno_982,7782-85-6
__import__.nstda_sds_chemcasno_983,7783-13-3
__import__.nstda_sds_chemcasno_984,7783-20-2
__import__.nstda_sds_chemcasno_985,7783-28-0
__import__.nstda_sds_chemcasno_986,7783-33-7
__import__.nstda_sds_chemcasno_987,7783-85-9
__import__.nstda_sds_chemcasno_988,7786-30-3
__import__.nstda_sds_chemcasno_989,7789-20-0
__import__.nstda_sds_chemcasno_990,7789-60-8
__import__.nstda_sds_chemcasno_991,7789-78-8
__import__.nstda_sds_chemcasno_992,7790-28-5
__import__.nstda_sds_chemcasno_993,7790-69-4
__import__.nstda_sds_chemcasno_994,7790-99-0
__import__.nstda_sds_chemcasno_995,7791-13-1
__import__.nstda_sds_chemcasno_996,7791-18-6
__import__.nstda_sds_chemcasno_997,7791-20-0
__import__.nstda_sds_chemcasno_998,78-77-3
__import__.nstda_sds_chemcasno_999,78-83-1
__import__.nstda_sds_chemcasno_1000,7803-57-8
__import__.nstda_sds_chemcasno_1001,79-03-8
__import__.nstda_sds_chemcasno_1002,79-06-1
__import__.nstda_sds_chemcasno_1003,79-06-2
__import__.nstda_sds_chemcasno_1004,79-10-7
__import__.nstda_sds_chemcasno_1005,79-22-1
__import__.nstda_sds_chemcasno_1006,79-30-1
__import__.nstda_sds_chemcasno_1007,79-33-4
__import__.nstda_sds_chemcasno_1008,79-37-8
__import__.nstda_sds_chemcasno_1009,79236-56-9
__import__.nstda_sds_chemcasno_1010,80-08-0
__import__.nstda_sds_chemcasno_1011,8000-34-8
__import__.nstda_sds_chemcasno_1012,8002-43-5
__import__.nstda_sds_chemcasno_1013,8002-48-0
__import__.nstda_sds_chemcasno_1014,8002-74-2
__import__.nstda_sds_chemcasno_1015,8012-95-1
__import__.nstda_sds_chemcasno_1016,8014-42-4
__import__.nstda_sds_chemcasno_1017,8032-32-4
__import__.nstda_sds_chemcasno_1018,8042-47-5
__import__.nstda_sds_chemcasno_1019,8047-15-2
__import__.nstda_sds_chemcasno_1020,8049-47-6
__import__.nstda_sds_chemcasno_1021,8049-97-6
__import__.nstda_sds_chemcasno_1022,80498-15-3
__import__.nstda_sds_chemcasno_1023,824-94-2
__import__.nstda_sds_chemcasno_1024,826-81-3
__import__.nstda_sds_chemcasno_1025,828-27-3
__import__.nstda_sds_chemcasno_1026,828-66-0
__import__.nstda_sds_chemcasno_1027,83-44-3
__import__.nstda_sds_chemcasno_1028,83-55-6
__import__.nstda_sds_chemcasno_1029,83-86-3
__import__.nstda_sds_chemcasno_1030,83-88-5
__import__.nstda_sds_chemcasno_1031,830-03-5
__import__.nstda_sds_chemcasno_1032,830-09-1
__import__.nstda_sds_chemcasno_1033,831-82-3
__import__.nstda_sds_chemcasno_1034,836-43-1
__import__.nstda_sds_chemcasno_1035,84-58-2
__import__.nstda_sds_chemcasno_1036,84325-23-5
__import__.nstda_sds_chemcasno_1037,84633-94-3
__import__.nstda_sds_chemcasno_1038,85-41-6
__import__.nstda_sds_chemcasno_1039,85-44-9
__import__.nstda_sds_chemcasno_1040,853645-22-4
__import__.nstda_sds_chemcasno_1041,86-87-3
__import__.nstda_sds_chemcasno_1042,86-99-7
__import__.nstda_sds_chemcasno_1043,865-46-6
__import__.nstda_sds_chemcasno_1044,865-47-4
__import__.nstda_sds_chemcasno_1045,87-13-8
__import__.nstda_sds_chemcasno_1046,87-51-4
__import__.nstda_sds_chemcasno_1047,87-69-4
__import__.nstda_sds_chemcasno_1048,87-73-0
__import__.nstda_sds_chemcasno_1049,87-79-6
__import__.nstda_sds_chemcasno_1050,87-89-8
__import__.nstda_sds_chemcasno_1051,87-90-1
__import__.nstda_sds_chemcasno_1052,87-99-0
__import__.nstda_sds_chemcasno_1053,870-50-8
__import__.nstda_sds_chemcasno_1054,870-63-3
__import__.nstda_sds_chemcasno_1055,872-50-4
__import__.nstda_sds_chemcasno_1056,873-63-3
__import__.nstda_sds_chemcasno_1057,874-24-8
__import__.nstda_sds_chemcasno_1058,874-60-2
__import__.nstda_sds_chemcasno_1059,877-24-7
__import__.nstda_sds_chemcasno_1060,87915-38-6
__import__.nstda_sds_chemcasno_1061,88-12-0
__import__.nstda_sds_chemcasno_1062,88-99-3
__import__.nstda_sds_chemcasno_1063,88495-63-0
__import__.nstda_sds_chemcasno_1064,89-75-8
__import__.nstda_sds_chemcasno_1065,89-98-9
__import__.nstda_sds_chemcasno_1066,90-00-6
__import__.nstda_sds_chemcasno_1067,90-02-1
__import__.nstda_sds_chemcasno_1068,90-02-8
__import__.nstda_sds_chemcasno_1069,90-33-5
__import__.nstda_sds_chemcasno_1070,9000-30-0
__import__.nstda_sds_chemcasno_1071,9000-70-8
__import__.nstda_sds_chemcasno_1072,9000-71-9
__import__.nstda_sds_chemcasno_1073,9000-85-5
__import__.nstda_sds_chemcasno_1074,9001-40-5
__import__.nstda_sds_chemcasno_1075,9001-75-6
__import__.nstda_sds_chemcasno_1076,9001-99-4
__import__.nstda_sds_chemcasno_1077,9002-17-9
__import__.nstda_sds_chemcasno_1078,9002-18-0
__import__.nstda_sds_chemcasno_1079,9002-23-7
__import__.nstda_sds_chemcasno_1080,9002-93-1
__import__.nstda_sds_chemcasno_1081,9003-39-8
__import__.nstda_sds_chemcasno_1082,9003-99-0
__import__.nstda_sds_chemcasno_1083,9004-32-4
__import__.nstda_sds_chemcasno_1084,9004-34-6
__import__.nstda_sds_chemcasno_1085,9004-54-0
__import__.nstda_sds_chemcasno_1086,9004-65-3
__import__.nstda_sds_chemcasno_1087,9004-74-4
__import__.nstda_sds_chemcasno_1088,9004-95-9
__import__.nstda_sds_chemcasno_1089,9005-25-8
__import__.nstda_sds_chemcasno_1090,9005-64-5
__import__.nstda_sds_chemcasno_1091,9005-65-6
__import__.nstda_sds_chemcasno_1092,9005-66-7
__import__.nstda_sds_chemcasno_1093,9005-67-8
__import__.nstda_sds_chemcasno_1094,9005-79-2
__import__.nstda_sds_chemcasno_1095,9005-84-9
__import__.nstda_sds_chemcasno_1096,9007-43-6
__import__.nstda_sds_chemcasno_1097,9008-02-0
__import__.nstda_sds_chemcasno_1098,9008-22-4
__import__.nstda_sds_chemcasno_1099,9011-18-1
__import__.nstda_sds_chemcasno_1100,9012-36-3
__import__.nstda_sds_chemcasno_1101,9012-36-6
__import__.nstda_sds_chemcasno_1102,9012-54-8
__import__.nstda_sds_chemcasno_1103,9013-34-7
__import__.nstda_sds_chemcasno_1104,9014-63-5
__import__.nstda_sds_chemcasno_1105,9016-45-9
__import__.nstda_sds_chemcasno_1106,9029-33-8
__import__.nstda_sds_chemcasno_1107,9032-75-1
__import__.nstda_sds_chemcasno_1108,9036-06-0
__import__.nstda_sds_chemcasno_1109,9036-19-5
__import__.nstda_sds_chemcasno_1110,9037-22-3
__import__.nstda_sds_chemcasno_1111,9038-95-3
__import__.nstda_sds_chemcasno_1112,9048-46-8
__import__.nstda_sds_chemcasno_1113,9049-37-0
__import__.nstda_sds_chemcasno_1114,9050-31-1
__import__.nstda_sds_chemcasno_1115,90719-32-7
__import__.nstda_sds_chemcasno_1116,91-00-9
__import__.nstda_sds_chemcasno_1117,91-60-1
__import__.nstda_sds_chemcasno_1118,910-52-1
__import__.nstda_sds_chemcasno_1119,91079-38-8
__import__.nstda_sds_chemcasno_1120,91079-40-2
__import__.nstda_sds_chemcasno_1121,91080-16-9
__import__.nstda_sds_chemcasno_1122,91446-96-7
__import__.nstda_sds_chemcasno_1123,91510-62-2
__import__.nstda_sds_chemcasno_1124,919-30-2
__import__.nstda_sds_chemcasno_1125,92-69-3
__import__.nstda_sds_chemcasno_1126,92-71-7
__import__.nstda_sds_chemcasno_1127,92-87-5
__import__.nstda_sds_chemcasno_1128,921-53-9
__import__.nstda_sds_chemcasno_1129,923-27-3
__import__.nstda_sds_chemcasno_1130,923-32-0
__import__.nstda_sds_chemcasno_1131,925-90-6
__import__.nstda_sds_chemcasno_1132,928-51-8
__import__.nstda_sds_chemcasno_1133,929-59-9
__import__.nstda_sds_chemcasno_1134,937-14-4
__import__.nstda_sds_chemcasno_1135,94-75-7
__import__.nstda_sds_chemcasno_1136,945-24-4
__import__.nstda_sds_chemcasno_1137,95-14-7
__import__.nstda_sds_chemcasno_1138,95-54-5
__import__.nstda_sds_chemcasno_1139,95-56-6
__import__.nstda_sds_chemcasno_1140,95-77-2
__import__.nstda_sds_chemcasno_1141,95-87-4
__import__.nstda_sds_chemcasno_1142,95-88-5
__import__.nstda_sds_chemcasno_1143,95-95-4
__import__.nstda_sds_chemcasno_1144,95233-18-4
__import__.nstda_sds_chemcasno_1145,95713-52-3
__import__.nstda_sds_chemcasno_1146,96-32-2
__import__.nstda_sds_chemcasno_1147,96-32-3
__import__.nstda_sds_chemcasno_1148,96-48-0
__import__.nstda_sds_chemcasno_1149,96087-37-5
__import__.nstda_sds_chemcasno_1150,967-80-6
__import__.nstda_sds_chemcasno_1151,97-00-7
__import__.nstda_sds_chemcasno_1152,97-30-3
__import__.nstda_sds_chemcasno_1153,97-78-9
__import__.nstda_sds_chemcasno_1154,97-97-2
__import__.nstda_sds_chemcasno_1155,98-00-0
__import__.nstda_sds_chemcasno_1156,98-01-1
__import__.nstda_sds_chemcasno_1157,98-58-8
__import__.nstda_sds_chemcasno_1158,98-59-9
__import__.nstda_sds_chemcasno_1159,98-92-0
__import__.nstda_sds_chemcasno_1160,99-04-7
__import__.nstda_sds_chemcasno_1161,99-06-9
__import__.nstda_sds_chemcasno_1162,99-20-7
__import__.nstda_sds_chemcasno_1163,99-30-9
__import__.nstda_sds_chemcasno_1164,99-34-3
__import__.nstda_sds_chemcasno_1165,99-76-3
__import__.nstda_sds_chemcasno_1166,99-97-3
__import__.nstda_sds_chemcasno_1167,999-97-3
